Concessionária ,Bairro,cep
Con1,Carmo,30330-000
Con2,Sao Francisco,31255-170
Con3,Pilar,30390-090
Con4,Jaqueline,31748-038
Con5,Silveira,31140-403
Con6,Sao Francisco,31255-170
Con7,SAO FRANCISCO,31255-170
Con8,Sao Francisco,31255-230
Con9,Santa Rosa,31255-610
Con10,Buritis,30575-110
Con11,Sion,30315-570
Con12,Mangabeiras,30210-090
Con13,Liberdade,31270-180
Con14,Sao Bernardo,31741-388
Con15,Buritis,30575-847
Con16,Cruzeiro,30310-120
Con17,Prado,30411-191
Con18,Buritis,30575-170
